{"cameraMode":{"drawMode":0,"name":"Shaded","section":"Shading Mode"},"sceneLighting":false,"audioPlay":false,"sceneViewState":{"m_AlwaysRefresh":false,"showFog":true,"showSkybox":false,"showFlares":true,"showImageEffects":true,"showParticleSystems":true,"showVisualEffectGraphs":true,"m_FxEnabled":true},"in2DMode":false,"pivot":{"x":0.46191534399986269,"y":3.6796681880950929,"z":-0.07594108581542969},"rotation":{"x":0.05732530355453491,"y":0.525745689868927,"z":-0.03554128110408783,"w":0.8479673266410828},"size":2.8830583095550539,"orthographic":false}