{"cameraMode":{"drawMode":0,"name":"Shaded","section":"Shading Mode"},"sceneLighting":true,"audioPlay":false,"sceneViewState":{"m_AlwaysRefresh":false,"showFog":true,"showSkybox":true,"showFlares":true,"showImageEffects":true,"showParticleSystems":true,"showVisualEffectGraphs":true,"m_FxEnabled":true},"in2DMode":false,"pivot":{"x":0.3188796043395996,"y":0.9038228988647461,"z":-0.26839113235473635},"rotation":{"x":0.00382490293122828,"y":0.988620936870575,"z":-0.14821207523345948,"w":0.025512954220175744},"size":6.196657657623291,"orthographic":false}