{"cameraMode":{"drawMode":0,"name":"Shaded","section":"Shading Mode"},"sceneLighting":true,"audioPlay":false,"sceneViewState":{"m_AlwaysRefresh":false,"showFog":true,"showSkybox":true,"showFlares":true,"showImageEffects":true,"showParticleSystems":true,"showVisualEffectGraphs":true,"m_FxEnabled":true},"in2DMode":false,"pivot":{"x":0.04303952306509018,"y":0.6260786056518555,"z":-0.9402498006820679},"rotation":{"x":-0.07073177397251129,"y":0.02303793653845787,"z":-0.001635714084841311,"w":-0.9972344040870667},"size":0.9363223910331726,"orthographic":false}